{"index":{"fingerprints":[],"development":{"stylesheets":{"assets\/css\/reset.css":"assets\/css\/reset-5b6171e3856a2564e547366dcf90a6a1.css","assets\/css\/home.css":"assets\/css\/home-5b6171e3856a2564e547366dcf90a6a1.css"}}},"jquery":{"fingerprints":[],"development":{"javascripts":[]}},"home":{"fingerprints":[],"development":{"stylesheets":{"assets\/css\/reset.css":"assets\/css\/reset-5b6171e3856a2564e547366dcf90a6a1.css","assets\/css\/style.css":"assets\/css\/style-5b6171e3856a2564e547366dcf90a6a1.css"}}},"admin":{"fingerprints":[],"development":{"stylesheets":[]}},"plugins_sheet":{"fingerprints":[],"development":{"stylesheets":[]}},"modernizr":{"fingerprints":[],"development":{"javascripts":[]}},"template_functions":{"fingerprints":[],"development":{"javascripts":[]}},"plugins":{"fingerprints":[],"development":{"javascripts":[]}},"pointmarker":{"fingerprints":[],"development":{"javascripts":{"assets\/admin\/js\/pointmarker.js":"assets\/admin\/js\/pointmarker-7d0e491ef2ec0dfdb01ab78a6074110d.js"}}},"uploader":{"fingerprints":[],"development":{"stylesheets":{"assets\/admin\/css\/uploadfile.css":"assets\/admin\/css\/uploadfile-7cd4e3435e5ce4970740f1c9af9a19d2.css"},"javascripts":{"assets\/admin\/js\/jquery.uploadfile.min.js":"assets\/admin\/js\/jquery.uploadfile.min-7d0e491ef2ec0dfdb01ab78a6074110d.js"}}}}