﻿<?xml version="1.0" encoding="utf-8" ?>
<contact>

	<!-- contact image 180/120 -->
	<simg src="assets/contact/s.jpg" />
	
	<!-- click simg open the bimg -->
	<bimg src="assets/contact/b.jpg" />
	<!-- add about details -->
	<content>
		<![CDATA[<font size="12" face="Arial" color="#000000">There are many variations of passages of Lorem Ipsum available, but the majority have suffered alteration in some form, by injected humour, or randomised words which don't look even slightly believable. If you are going to use a passage of Lorem Ipsum.
You need to be sure there isn't anything embarrassing hidden in the middle of text. All the Lorem Ipsum generators on the Internet
There are many variations of passages of Lorem Ipsum available, but the majority have suffered alteration in some form, by injected humour, or randomised words which don't look even slightly believable. If you are going to use a passage of Lorem Ipsum, you need to be sure there isn't anything embarrassing hidden in the middle of text. All the Lorem Ipsum generators on the Internet tend to repeat predefined chunks as necessary, making this the first true generator on the Internet.<br/><br/>There are many variations of passages of Lorem Ipsum available, but the majority have suffered alteration in some form, by injected humour, or randomised words which don't look even slightly believable. If you are going to use a passage of Lorem Ipsum.
You need to be sure there isn't anything embarrassing hidden in the middle of text. All the Lorem Ipsum generators on the Internet
There are many variations of passages of Lorem Ipsum available, but the majority have suffered alteration in some form, by injected humour, or randomised words which don't look even slightly believable. If you are going to use a passage of Lorem Ipsum, you need to be sure there isn't anything embarrassing hidden in the middle of text. All the Lorem Ipsum generators on the Internet tend to repeat predefined chunks as necessary, making this the first true generator on the Internet.</font>]]>
	</content>
</contact>