-- phpMyAdmin SQL Dump
-- version 4.0.4.1
-- http://www.phpmyadmin.net
--
-- Host: localhost
-- Generation Time: Sep 20, 2013 at 04:46 AM
-- Server version: 5.5.32-0ubuntu0.13.04.1
-- PHP Version: 5.4.9-4ubuntu2.2

SET SQL_MODE = "NO_AUTO_VALUE_ON_ZERO";
SET time_zone = "+00:00";


/*!40101 SET @OLD_CHARACTER_SET_CLIENT=@@CHARACTER_SET_CLIENT */;
/*!40101 SET @OLD_CHARACTER_SET_RESULTS=@@CHARACTER_SET_RESULTS */;
/*!40101 SET @OLD_COLLATION_CONNECTION=@@COLLATION_CONNECTION */;
/*!40101 SET NAMES utf8 */;

--
-- Database: `storage`
--
CREATE DATABASE IF NOT EXISTS `storage` DEFAULT CHARACTER SET latin1 COLLATE latin1_swedish_ci;
USE `storage`;

-- --------------------------------------------------------

--
-- Table structure for table `customers`
--

CREATE TABLE IF NOT EXISTS `customers` (
  `id` int(11) NOT NULL AUTO_INCREMENT,
  `name` varchar(255) DEFAULT NULL,
  `address` varchar(255) DEFAULT NULL,
  `phone` varchar(50) DEFAULT NULL,
  `mobile` varchar(50) DEFAULT NULL,
  `note` varchar(255) DEFAULT NULL,
  `act` int(11) DEFAULT '1',
  `company` varchar(255) DEFAULT NULL,
  PRIMARY KEY (`id`)
) ENGINE=MyISAM  DEFAULT CHARSET=utf8 AUTO_INCREMENT=94 ;

--
-- Dumping data for table `customers`
--

INSERT INTO `customers` (`id`, `name`, `address`, `phone`, `mobile`, `note`, `act`, `company`) VALUES
(1, 'Robert', NULL, '1-613-260-1155 ext221', '613-223-0272', 'emailed prices', 1, 'Farm boy'),
(2, 'Ye5', NULL, '647 588-0328', '', 'hany', 1, 'Ample Food Market'),
(3, ' Jagdish', NULL, '416 464-1515', '', 'aaaa7', 1, 'Asian Food Centre'),
(4, 'Neal/Anita', NULL, '647 933-6092', '647 230-3718', 'hany', 1, 'Auntee Aneta'),
(5, 'Pauline', NULL, '416 245-8858,416 688-0983', '416 688-0983', '666hh', 1, 'B Trust Supermarket'),
(6, 'Peter Jiao Lin', NULL, '416-249-6336', '647-998-6697', NULL, 1, 'Best Value Supermarket'),
(7, 'Chon', NULL, '416 742-8688', '647 898-8988', '', 1, 'Bestco Food mart'),
(8, 'Chris/peter', NULL, '416 670-6888', '416 818 0628', 'dd', 1, 'Blue Sky Supermarket'),
(9, 'David', NULL, '416-616 8388', '', NULL, 1, 'Bode Duyen'),
(10, 'Gus', NULL, '', '416 252 7799', NULL, 1, 'Bondi'),
(11, 'Mimo', NULL, '416-234-0598', '', '', 1, 'C O D  Fresh'),
(12, 'John Paul', NULL, '1 514 331-6554', '', NULL, 1, 'CDS'),
(13, 'Yu', NULL, '416 388-5779', '416 497-6666', '', 1, 'Canada Feng Tai International '),
(14, 'Richard Chase', NULL, '416 259-1501', '416 259-1557', '', 1, 'Chasers Fresh Juice '),
(15, 'Franky', NULL, '416-909 5659', '', NULL, 1, 'Chung Hing Supermarket'),
(16, 'Emanuel', NULL, '416 728 5650', '', NULL, 1, 'Concessions Canada'),
(17, 'Ricky', NULL, '905-678-9888', '', NULL, 1, 'Diana Distribution Center'),
(18, 'Blessie 254 a p', NULL, '416 259-6328', '', '', 1, 'Dominion Citrus Limited'),
(19, 'Eraa', NULL, '416-269-2622', '416-897-8067', '', 1, 'Eraa'),
(20, 'Mr  Won', NULL, '905 426-9988/416-669-3679', '647-898-9366', '', 1, 'Ez Fresh Foodmart'),
(21, 'Sunny or Jing Lin', NULL, '905 944-0388/647 234-8836', '647 2131888', '', 1, 'First Choice Supermarket'),
(22, 'He Gao Lin', NULL, '416-756-1880', '416-902-6283', NULL, 1, 'Food Depot supermarket'),
(23, 'Frank', NULL, '416 450-6351', '647 533-8880', '', 1, 'Franzco International '),
(24, 'Nick Dora ', NULL, '416 259-5400', '416 259-6055', '', 1, 'Fresh Advancements '),
(25, 'Fred  or Nasrat', NULL, '647 975 4598', '905-782 4320', NULL, 1, 'Fresh King'),
(26, 'Agree Judy', NULL, '416 743-6699', '416 918-9619', '', 1, 'Fresh Value'),
(27, 'Ming Helen', NULL, '416 690-0081', '416-318-5882', '', 1, 'Fu Yao Supermarket'),
(28, 'Enzo', NULL, ' 416 986-3696', '1 514 798-4420', NULL, 1, 'Gabriella Distributor'),
(29, 'Eugene', NULL, '416 259-6391', '1 519 754-5628', '', 1, 'Gambles Ontario Produce'),
(30, 'Mr Phan ', NULL, '905 604-6878', '905 604-6878', '', 1, 'Grand Fortune Food Mart '),
(31, 'Tina Yong Hunger', NULL, '416-881-7959', '', '', 1, 'Grant s Foodmart'),
(32, 'Michelle', NULL, '416-242-8838', '', NULL, 1, 'Greenland Farm'),
(33, 'Haji', NULL, '416-834-2087', '647 7020052', NULL, 1, 'Haji'),
(34, 'Hat', NULL, '416-286-0768', '', NULL, 1, 'Hat'),
(35, 'Louie', NULL, '416-332-1290', '647-992-1290', '', 1, 'Hat s Nephew '),
(36, 'Linh Chan', NULL, '416 291-9188', '', '', 1, 'Hawaii Produce'),
(37, 'Chain Singh Bola', NULL, '905-840-1116', '416-879-2645', NULL, 1, 'India Bazaar'),
(38, 'Joe', NULL, '416 252 8809', '', '', 1, 'Ippolito Produce'),
(39, 'Kang', NULL, '647-887-8006 /4166861867', '416-857 9579', '', 1, 'Jian Hing Supermarket '),
(40, 'Latchman', NULL, '416-285-1373', '416-804-1373 ', NULL, 1, 'Kiskadee Ventre Ltd.'),
(41, 'Ling/Linda', NULL, '905-305-0288', '647-226-9228', NULL, 1, 'L & M Quality Produce'),
(42, 'Song/Jessica', NULL, '416-285-6686', '416-896 8036', NULL, 1, 'Lone Tai Supermarket'),
(43, 'Jennie', NULL, '905 947-0018', '416 759-6668', '', 1, 'M & S Quality Produce Toronto'),
(44, 'Matt/Dan', NULL, '416 236-9394', '', '', 1, 'M L Catania Company Limited'),
(45, 'Eddie Joe', NULL, '416-259-5481     267', '', '', 1, 'Meschino Banana Co Ltd'),
(46, 'Michael', NULL, '416-838-1363', '', NULL, 1, 'Michael'),
(47, 'james joseph', NULL, '905-670-8000', '', '', 1, 'Mr John s Food'),
(48, 'Anthony Formusa', NULL, '416 259-0833', '', '', 1, 'National Produce Marketing '),
(49, 'Johnnie', NULL, '416-593-0297', '416-358-5693', NULL, 1, 'Natural Bubble Tea'),
(50, 'Toula Enzo Able', NULL, '1 514 337-0999', '', '', 1, 'Nine Starz'),
(51, 'Allan Carrie Jack', NULL, '905 270-2009  9055131666', '6478981968', '', 1, 'Oriental Food Centre Carrie'),
(52, 'Ugo', NULL, '647-898 6995 ', 'Steve 416-894 0898', '', 1, 'Oriental Food Ctr Ugo'),
(53, 'Yana', NULL, '905 856-9064 x 2279', '', 'P.O. #JB068530', 1, 'Provincial Fruit'),
(54, 'Qader', NULL, '416 856-6186', '', NULL, 1, 'Qader'),
(55, 'kumar/kuma', NULL, '416-740-7971', '416 402-6517', NULL, 1, 'SNNA International'),
(56, 'kugan/soori', NULL, '416-266-3077', '647 857 3881', NULL, 1, 'SP Importers'),
(57, 'Joanne', NULL, '416 587-1482', '416 298-1224', '', 0, 'Sam s International'),
(58, 'Francine/David/Haysam', NULL, '1-514-858-6363', '1-514-927-0205', '', 1, 'Sami Fruit '),
(59, 'Sanjay/Mark/Kunal', NULL, '416 674-1850', '647 388-6794', NULL, 1, 'Sanjay Enterprise'),
(60, 'Menjit', NULL, '', '416 845-2335', NULL, 1, 'Menjit'),
(61, 'Seasons', NULL, '416 902-6283', '905-459-3999', NULL, 1, 'Seasons Food Mart'),
(62, 'Jean yu', NULL, '416-750-2998', '', '', 1, 'Seasons Produce '),
(63, 'Chan/Tracy', NULL, '416 431-3388', '416 450-5159', NULL, 1, 'Skyland Food Mart'),
(64, 'Wen', NULL, '647 532-2268 ', '', NULL, 1, 'Smart Choice Food Mart'),
(65, 'Star Winds', NULL, '416 902-6283', '', NULL, 1, 'Star Winds'),
(66, 'Peter Streef / Santino Valenti', NULL, '416-251-6885', '', NULL, 1, 'Streef Produce Ltd.'),
(67, 'Tony', NULL, '416 833-9609', '', NULL, 1, 'Tony'),
(68, 'Emma/Mr.Phan', NULL, '416-752-3666', '416 837-6918', NULL, 1, 'Top Food Market'),
(69, 'e wei/ellenMandy', NULL, '416-900-1699', '416-627-7886', NULL, 1, 'Sunny Foodmart'),
(70, 'Andy', NULL, '416 752-2907', '416 727-8891', NULL, 1, 'Tamisha'),
(71, 'Lorenzo buyer', NULL, '416 259-5410', '', NULL, 1, 'Tomato King'),
(72, 'Allan', NULL, '416 293-5751', '416 821-2103', '', 1, 'Tropic Trading '),
(73, 'Norris/Cindy', NULL, '416 251-8877', '416 726-9463 ', '', 1, 'Tropical Harvest '),
(74, 'Susan', NULL, '416-850-4073', '', NULL, 1, 'Trymore'),
(75, 'Tyler', NULL, '416-638-6977', '416-697-6977', NULL, 1, 'Tyler'),
(76, 'United Supermarket', NULL, '289-521-2190', '647-885-5719', NULL, 1, 'United Supermarket'),
(77, 'Dorjee/Diane', NULL, '416 259-4686', '647 828-2960', 'size 12 guatemala', 1, 'Veg Pak Produce'),
(78, 'Don', NULL, '416 278-9168', '', NULL, 1, 'Windfall'),
(79, 'Siva', NULL, '416 300-2416', '', '', 1, 'Yal Market'),
(80, 'Jimmy', NULL, '905 949-1921', '647 893-3677', 'Called jimmy...will call back', 1, 'Yuan Ming Supermarket'),
(81, 'Raymond', NULL, '416-999-2809', '905-216-0216', NULL, 1, 'Yummie'),
(82, 'Sam', NULL, '647 889-3036', '416 897-8582', NULL, 1, 'Taza Market'),
(83, 'Ronald', NULL, '416-938-0776', '', NULL, 1, 'Veljaon specialized imports '),
(84, 'Rosy', NULL, '6474064748', '', NULL, 1, 'Subzi Mandi'),
(90, 'Simon', NULL, '', '416-452-8409', NULL, 1, 'T&T Supermarket'),
(92, 'David', NULL, '1613 722-6106', '', '', 1, 'Carling Fruit'),
(85, '', NULL, '1514 8562828', '', '', 1, 'M&S montreal'),
(86, 'Abu Zyad', NULL, '(905) 820-3463', '', '', 1, 'Mona Fine Foods'),
(87, 'Jack', NULL, '416 747-5900', '647 883-2448', NULL, 1, 'Win Farm Supermarket'),
(88, 'Joe.', NULL, '647 238-2485', '', NULL, 1, 'Joe'),
(89, 'Christina', NULL, '647 231-0824', '', NULL, 1, 'Happy Ice Green Tea'),
(91, 'Kamlesh', NULL, '905 232 3955', '', NULL, 1, 'Patel Brothers');

-- --------------------------------------------------------

--
-- Table structure for table `dmg_opr`
--

CREATE TABLE IF NOT EXISTS `dmg_opr` (
  `id` int(11) NOT NULL AUTO_INCREMENT,
  `ord_id` int(11) DEFAULT NULL,
  `it_id` int(11) DEFAULT NULL,
  `qunt` int(11) DEFAULT NULL,
  `user_id` int(11) DEFAULT NULL,
  `date` int(80) DEFAULT NULL,
  PRIMARY KEY (`id`)
) ENGINE=MyISAM DEFAULT CHARSET=utf8 AUTO_INCREMENT=1 ;

-- --------------------------------------------------------

--
-- Table structure for table `invices`
--

CREATE TABLE IF NOT EXISTS `invices` (
  `id` int(11) NOT NULL AUTO_INCREMENT,
  `date` datetime NOT NULL,
  `c_id` int(11) NOT NULL,
  `user_id` int(11) NOT NULL,
  `fin` int(11) DEFAULT '0',
  `invoice_status` set('1','2','3') NOT NULL DEFAULT '2',
  PRIMARY KEY (`id`),
  KEY `invoice_status` (`invoice_status`)
) ENGINE=MyISAM  DEFAULT CHARSET=utf8 AUTO_INCREMENT=168 ;

--
-- Dumping data for table `invices`
--

INSERT INTO `invices` (`id`, `date`, `c_id`, `user_id`, `fin`, `invoice_status`) VALUES
(5, '2013-07-26 13:14:55', 5, 21, 1, '2'),
(7, '2013-07-15 08:08:38', 81, 18, 0, '1'),
(8, '2013-07-26 08:08:58', 27, 21, 1, '2'),
(9, '2013-07-15 08:29:31', 75, 22, 0, '2'),
(10, '2013-07-15 08:40:07', 63, 22, 1, '2'),
(11, '2013-07-15 08:42:24', 8, 23, 0, '3'),
(12, '2013-07-15 08:43:42', 55, 19, 0, '2'),
(13, '2013-07-15 08:46:10', 34, 23, 0, '2'),
(14, '2013-07-15 08:47:47', 23, 23, 0, '2'),
(15, '2013-07-15 08:48:35', 3, 19, 0, '2'),
(16, '2013-07-15 08:53:59', 21, 23, 0, '2'),
(17, '2013-07-15 08:58:40', 37, 19, 1, '2'),
(19, '2013-07-15 09:04:26', 25, 19, 0, '2'),
(20, '2013-07-15 09:05:18', 7, 22, 0, '2'),
(21, '2013-07-15 09:10:14', 83, 22, 0, '2'),
(22, '2013-07-15 09:17:10', 39, 19, 0, '2'),
(23, '2013-07-15 09:27:46', 63, 21, 1, '2'),
(24, '2013-07-15 09:28:08', 66, 20, 0, '2'),
(25, '2013-07-15 09:29:48', 32, 23, 0, '2'),
(26, '2013-07-15 09:31:33', 19, 19, 0, '2'),
(27, '2013-07-15 09:31:38', 65, 21, 1, '2'),
(28, '2013-07-15 09:33:17', 22, 21, 1, '2'),
(29, '2013-07-15 09:34:46', 61, 21, 1, '2'),
(30, '2013-07-15 09:37:25', 6, 21, 1, '2'),
(31, '2013-07-15 09:37:55', 46, 23, 0, '2'),
(32, '2013-07-15 09:39:42', 73, 22, 0, '2'),
(33, '2013-07-15 09:40:35', 41, 19, 0, '2'),
(34, '2013-07-15 09:44:53', 49, 23, 0, '2'),
(35, '2013-07-15 09:45:51', 32, 21, 0, '2'),
(36, '2013-07-15 09:53:19', 69, 23, 0, '2'),
(37, '2013-07-15 09:55:21', 26, 19, 0, '2'),
(40, '2013-07-15 10:15:41', 62, 20, 0, '2'),
(39, '2013-07-15 10:14:31', 84, 19, 0, '2'),
(41, '2013-07-15 10:20:00', 53, 18, 0, '2'),
(42, '2013-07-15 10:21:10', 5, 23, 0, '2'),
(43, '2013-07-15 10:23:59', 77, 18, 0, '2'),
(44, '2013-07-15 10:24:51', 81, 18, 0, '2'),
(45, '2013-07-15 10:27:49', 52, 23, 0, '2'),
(46, '2013-07-15 10:31:26', 56, 19, 0, '2'),
(47, '2013-07-15 10:31:57', 58, 18, 0, '2'),
(48, '2013-07-15 10:38:50', 43, 19, 0, '2'),
(49, '2013-07-15 10:40:25', 40, 19, 0, '2'),
(50, '2013-07-15 10:43:13', 36, 18, 1, '2'),
(51, '2013-07-15 10:52:02', 42, 18, 0, '2'),
(52, '2013-07-15 10:52:35', 82, 19, 0, '2'),
(53, '2013-07-15 10:58:08', 70, 18, 1, '2'),
(54, '2013-07-15 11:01:27', 78, 18, 0, '2'),
(55, '2013-07-15 11:05:07', 9, 19, 0, '2'),
(56, '2013-07-15 11:10:26', 13, 22, 0, '2'),
(57, '2013-07-15 11:12:29', 19, 21, 0, '2'),
(58, '2013-07-15 11:14:26', 59, 18, 1, '2'),
(59, '2013-07-15 11:24:05', 20, 23, 0, '2'),
(60, '2013-07-15 11:25:27', 51, 23, 0, '2'),
(61, '2013-07-15 11:52:44', 16, 18, 0, '2'),
(62, '2013-07-15 11:54:22', 86, 23, 0, '2'),
(63, '2013-07-15 12:00:33', 85, 18, 0, '2'),
(64, '2013-07-15 12:02:33', 39, 19, 0, '2'),
(65, '2013-07-15 12:09:24', 87, 23, 0, '2'),
(66, '2013-07-15 12:16:39', 31, 18, 0, '2'),
(87, '2013-07-16 12:29:36', 35, 19, 0, '2'),
(68, '2013-07-15 12:22:53', 63, 22, 0, '2'),
(69, '2013-07-15 12:30:59', 88, 18, 0, '2'),
(70, '2013-07-15 12:38:02', 89, 18, 0, '2'),
(72, '2013-07-15 13:11:50', 8, 19, 0, '2'),
(73, '2013-07-15 13:14:39', 73, 18, 0, '2'),
(74, '2013-07-15 14:20:46', 61, 21, 0, '2'),
(76, '2013-07-15 15:39:54', 90, 21, 0, '2'),
(77, '2013-07-15 15:57:07', 68, 21, 0, '2'),
(78, '2013-07-16 07:25:53', 17, 21, 0, '2'),
(79, '2013-07-16 08:45:45', 31, 21, 0, '2'),
(80, '2013-07-16 10:34:08', 77, 18, 1, '2'),
(81, '2013-07-16 10:42:39', 8, 23, 0, '2'),
(82, '2013-07-16 11:21:02', 22, 21, 0, '2'),
(83, '2013-07-16 11:42:29', 5, 19, 0, '2'),
(84, '2013-07-16 11:54:55', 29, 18, 1, '2'),
(85, '2013-07-16 12:14:58', 76, 19, 1, '2'),
(86, '2013-07-16 12:26:22', 2, 22, 0, '2'),
(88, '2013-07-16 12:36:25', 44, 20, 0, '2'),
(89, '2013-07-16 12:38:17', 54, 23, 0, '2'),
(93, '2013-07-16 15:37:15', 20, 21, 1, '2'),
(91, '2013-07-16 13:06:23', 65, 18, 0, '2'),
(92, '2013-07-16 13:07:44', 61, 18, 0, '2'),
(94, '2013-07-17 07:46:34', 79, 18, 0, '2'),
(95, '2013-07-17 08:29:43', 13, 19, 1, '2'),
(96, '2013-07-17 08:57:35', 15, 21, 1, '2'),
(97, '2013-07-17 09:52:19', 6, 21, 1, '2'),
(98, '2013-07-17 10:11:06', 32, 21, 0, '2'),
(99, '2013-07-17 10:14:26', 59, 18, 0, '2'),
(100, '2013-07-17 10:22:34', 92, 21, 0, '2'),
(101, '2013-07-17 10:36:27', 10, 20, 0, '2'),
(102, '2013-07-17 11:05:13', 76, 19, 0, '2'),
(103, '2013-07-17 11:07:09', 69, 21, 1, '2'),
(104, '2013-07-17 12:13:11', 3, 19, 1, '2'),
(105, '2013-07-17 12:17:22', 20, 21, 0, '2'),
(106, '2013-07-17 12:19:05', 36, 18, 0, '2'),
(107, '2013-07-17 12:30:53', 45, 20, 0, '2'),
(108, '2013-07-17 14:49:27', 3, 19, 1, '1'),
(110, '2013-07-17 15:08:30', 73, 23, 1, '2'),
(136, '2013-08-19 21:21:35', 2, 5, 1, '3'),
(139, '2013-08-19 21:22:24', 2, 5, 1, '2'),
(140, '2013-08-19 21:23:45', 2, 5, 1, '2'),
(167, '2013-09-19 14:31:58', 6, 5, 0, '1');

-- --------------------------------------------------------

--
-- Table structure for table `inv_opr`
--

CREATE TABLE IF NOT EXISTS `inv_opr` (
  `id` int(11) NOT NULL AUTO_INCREMENT,
  `inv_id` int(11) DEFAULT NULL,
  `ord_id` int(11) DEFAULT NULL,
  `it_id` int(11) DEFAULT NULL,
  `qunt` int(11) DEFAULT NULL,
  `price` float DEFAULT NULL,
  PRIMARY KEY (`id`)
) ENGINE=MyISAM  DEFAULT CHARSET=utf8 AUTO_INCREMENT=1268 ;

--
-- Dumping data for table `inv_opr`
--

INSERT INTO `inv_opr` (`id`, `inv_id`, `ord_id`, `it_id`, `qunt`, `price`) VALUES
(7, 5, 14, 50, 56, 200),
(6, 5, 14, 48, 144, 230),
(1258, 7, 4, 37, 10, 17),
(10, 8, 7, 13, 24, 20.5),
(713, 9, 3, 12, 15, 16),
(712, 9, 18, 37, 13, 17),
(403, 69, 8, 12, 80, 16),
(711, 10, 9, 17, 60, 16),
(710, 10, 8, 37, 10, 17),
(709, 10, 7, 13, 18, 20.5),
(708, 10, 3, 12, 216, 15.75),
(423, 72, 18, 28, 192, 5),
(702, 12, 1, 7, 30, 19),
(944, 102, 7, 13, 6, 20.5),
(1267, 167, 11, 7, 50, 18),
(1264, 136, 10, 6, 6, 34),
(1266, 167, 10, 5, 2, 35),
(701, 13, 3, 12, 4, 16),
(700, 13, 4, 37, 10, 17),
(699, 14, 18, 27, 384, 5.25),
(977, 104, 13, 22, 384, 6),
(982, 107, 1, 7, 50, 18),
(695, 16, 4, 37, 40, 17),
(694, 16, 2, 8, 54, 13),
(1252, 111, 14, 48, 6, 210),
(1089, 17, 16, 49, 1, 180),
(1088, 17, 22, 16, 60, 16),
(729, 87, 3, 12, 7, 16),
(1037, 19, 8, 37, 40, 17),
(1036, 19, 3, 12, 94, 16),
(1031, 20, 22, 15, 120, 17),
(1030, 20, 8, 12, 48, 16),
(1029, 20, 18, 44, 48, 19),
(1028, 20, 18, 37, 2, 17),
(1027, 20, 18, 18, 6, 46),
(1026, 20, 18, 13, 6, 20.5),
(266, 21, 3, 12, 80, 16),
(461, 64, 5, 8, 12, 14),
(355, 22, 5, 8, 12, 14),
(354, 22, 15, 43, 24, 25),
(353, 22, 8, 54, 12, 34),
(352, 22, 4, 18, 3, 46),
(351, 22, 3, 12, 30, 16),
(350, 22, 7, 13, 24, 20.5),
(63, 23, 14, 50, 2, 210),
(68, 24, 10, 4, 80, 35.5),
(67, 24, 10, 2, 240, 12.75),
(773, 25, 1, 7, 5, 21),
(772, 25, 2, 8, 6, 16),
(771, 25, 4, 18, 3, 48),
(770, 25, 8, 54, 10, 36),
(778, 26, 9, 17, 120, 14),
(74, 27, 13, 23, 544, 5),
(76, 28, 13, 23, 384, 5),
(77, 29, 18, 23, 960, 5),
(78, 30, 13, 22, 192, 6),
(769, 31, 4, 37, 10, 17),
(1081, 110, 18, 22, 24, 6.25),
(721, 33, 7, 13, 60, 19.5),
(720, 33, 1, 7, 60, 18),
(746, 34, 4, 37, 6, 17),
(302, 35, 13, 22, 192, 6),
(753, 36, 18, 44, 56, 19),
(752, 36, 4, 37, 5, 17),
(751, 36, 8, 54, 6, 34),
(750, 36, 4, 18, 6, 46),
(749, 36, 3, 12, 10, 16),
(748, 36, 1, 7, 60, 18),
(747, 36, 2, 8, 30, 14),
(953, 84, 2, 8, 48, 13),
(683, 37, 19, 40, 54, 26.5),
(682, 37, 2, 8, 30, 14),
(681, 37, 4, 11, 12, 35),
(680, 37, 4, 18, 10, 46),
(1025, 20, 12, 8, 54, 13),
(868, 41, 8, 37, 20, 17),
(867, 41, 15, 42, 54, 23),
(128, 40, 2, 8, 54, 13),
(127, 40, 7, 13, 60, 19.5),
(677, 39, 15, 42, 10, 24),
(676, 39, 4, 11, 10, 35),
(675, 39, 4, 37, 80, 17),
(1191, 130, 2, 8, 10, 13),
(1190, 130, 10, 6, 1, 34),
(1186, 42, 4, 11, 12, 34),
(997, 43, 19, 40, 162, 26.5),
(996, 43, 7, 13, 60, 19.5),
(126, 44, 4, 37, 10, 17),
(1056, 86, 9, 17, 60, 16),
(1068, 18, 18, 11, 60, 34),
(1067, 18, 8, 54, 18, 34),
(1066, 18, 10, 6, 80, 34),
(1065, 18, 7, 13, 12, 20),
(761, 45, 18, 40, 216, 25.5),
(760, 45, 9, 17, 120, 14),
(759, 45, 4, 18, 12, 46),
(758, 45, 1, 7, 30, 19),
(757, 45, 15, 42, 54, 23),
(756, 45, 7, 13, 60, 19.5),
(640, 46, 15, 42, 2, 24),
(639, 46, 18, 44, 2, 20),
(638, 46, 4, 11, 2, 35),
(637, 46, 2, 8, 2, 14),
(636, 46, 1, 7, 60, 18),
(151, 47, 7, 13, 180, 19.5),
(250, 48, 7, 13, 60, 18.5),
(249, 48, 2, 8, 108, 13),
(635, 49, 3, 12, 15, 16),
(402, 69, 4, 37, 2, 17),
(976, 105, 16, 49, 2, 175),
(972, 50, 18, 11, 1, 34),
(971, 50, 8, 37, 20, 17),
(970, 50, 18, 12, 13, 16),
(969, 50, 18, 54, 7, 33),
(1035, 61, 8, 12, 5, 16),
(1034, 61, 18, 12, 31, 16),
(617, 51, 18, 18, 3, 45),
(616, 51, 4, 37, 6, 17),
(615, 51, 4, 11, 26, 34),
(614, 51, 18, 11, 4, 34),
(613, 51, 18, 7, 5, 18),
(612, 51, 4, 7, 7, 18),
(611, 51, 2, 8, 36, 13),
(470, 52, 8, 37, 24, 17),
(469, 52, 18, 38, 6, 14.5),
(468, 52, 15, 43, 12, 25),
(467, 52, 8, 54, 12, 34),
(466, 52, 4, 18, 6, 46),
(465, 52, 3, 12, 36, 16),
(464, 52, 2, 8, 8, 14),
(463, 52, 1, 7, 16, 19),
(968, 50, 18, 44, 18, 19),
(967, 50, 8, 54, 15, 33),
(966, 50, 2, 8, 54, 12.5),
(987, 15, 15, 42, 15, 24),
(1016, 60, 9, 17, 60, 14),
(876, 54, 8, 54, 3, 33),
(875, 54, 8, 37, 5, 17),
(874, 54, 15, 42, 27, 23),
(873, 54, 7, 13, 60, 19.5),
(872, 54, 4, 11, 30, 34),
(871, 54, 2, 8, 54, 13),
(870, 54, 18, 7, 60, 18),
(462, 55, 4, 37, 20, 17),
(907, 95, 2, 8, 108, 13),
(906, 95, 18, 44, 120, 19),
(905, 56, 19, 40, 162, 26),
(904, 56, 7, 13, 30, 20.5),
(1082, 57, 13, 22, 384, 6),
(928, 99, 4, 11, 60, 34),
(927, 98, 16, 48, 2, 175),
(926, 58, 8, 37, 100, 0),
(925, 58, 18, 18, 25, 0),
(924, 58, 5, 8, 216, 0),
(923, 58, 11, 7, 180, 0),
(535, 59, 4, 37, 3, 17),
(534, 59, 8, 54, 12, 35),
(533, 59, 4, 11, 12, 36),
(532, 59, 2, 8, 12, 15),
(1015, 60, 8, 54, 1, 34),
(1014, 60, 4, 18, 1, 46),
(1013, 60, 4, 37, 2, 17),
(1012, 60, 7, 13, 18, 20.5),
(1011, 60, 4, 11, 18, 35),
(1010, 60, 2, 8, 72, 13),
(903, 56, 4, 11, 60, 34),
(267, 21, 19, 40, 54, 26),
(1077, 32, 15, 42, 108, 23),
(995, 43, 2, 8, 52, 13),
(994, 43, 2, 8, 164, 13),
(993, 43, 11, 7, 90, 18),
(992, 43, 18, 7, 30, 18),
(991, 43, 6, 12, 1080, 14),
(990, 43, 18, 11, 120, 34),
(1033, 61, 4, 12, 44, 16),
(1032, 61, 3, 12, 16, 16),
(525, 62, 9, 17, 60, 14),
(316, 63, 11, 7, 60, 18),
(317, 63, 5, 8, 162, 13),
(318, 63, 18, 11, 10, 34),
(319, 63, 4, 11, 50, 34),
(320, 63, 7, 13, 180, 18.5),
(321, 63, 18, 18, 18, 45),
(322, 63, 15, 42, 108, 23),
(323, 63, 8, 54, 12, 33),
(349, 22, 1, 7, 18, 19),
(522, 65, 7, 13, 6, 20.5),
(521, 65, 1, 7, 18, 19),
(520, 65, 2, 8, 12, 14),
(366, 66, 8, 37, 20, 17),
(367, 66, 15, 42, 54, 23),
(368, 66, 1, 7, 60, 18),
(369, 66, 8, 12, 54, 16),
(370, 66, 4, 11, 60, 34),
(389, 68, 10, 6, 80, 34),
(404, 70, 4, 37, 15, 17),
(1093, 106, 8, 54, 10, 33),
(1185, 42, 22, 15, 120, 19),
(1085, 73, 13, 24, 1, 5.75),
(1084, 73, 13, 22, 1, 6.25),
(600, 76, 17, 50, 56, 160),
(437, 74, 13, 24, 384, 5),
(755, 45, 4, 11, 60, 34),
(499, 77, 8, 37, 3, 17),
(498, 77, 15, 42, 18, 24),
(497, 77, 7, 13, 12, 20.5),
(496, 77, 4, 18, 6, 46),
(495, 77, 4, 11, 12, 35),
(494, 77, 5, 8, 18, 14),
(493, 77, 1, 7, 18, 19),
(679, 37, 7, 13, 12, 20.5),
(678, 37, 1, 7, 12, 19),
(492, 78, 14, 48, 10, 190),
(707, 10, 18, 7, 60, 18),
(777, 79, 13, 21, 635, 6.27),
(776, 79, 13, 20, 133, 6.5),
(1064, 18, 18, 7, 60, 18),
(1024, 20, 1, 7, 24, 19),
(989, 80, 10, 6, 400, 30),
(1158, 81, 26, 59, 2, 5),
(1157, 81, 25, 58, 2, 40),
(1156, 81, 24, 57, 238, 12.5),
(641, 46, 3, 12, 216, 16),
(642, 46, 4, 37, 15, 17),
(643, 82, 18, 40, 2, 26.5),
(644, 82, 19, 40, 25, 26.5),
(1184, 42, 12, 8, 54, 13),
(999, 83, 21, 50, 60, 185),
(943, 85, 22, 16, 30, 17),
(942, 85, 8, 54, 6, 34),
(941, 85, 2, 8, 6, 14),
(940, 85, 1, 7, 6, 19),
(730, 87, 4, 37, 20, 17),
(754, 45, 2, 8, 108, 13),
(765, 88, 9, 17, 300, 16),
(767, 89, 4, 37, 15, 17),
(766, 89, 3, 12, 20, 16),
(1253, 111, 10, 6, 10, 34),
(1265, 167, 10, 4, 1, 36.5),
(1009, 53, 18, 37, 24, 17),
(787, 91, 1, 7, 18, 18),
(788, 91, 8, 12, 27, 16),
(789, 91, 8, 54, 6, 33),
(790, 92, 18, 18, 6, 45),
(791, 92, 8, 12, 27, 16),
(792, 92, 7, 13, 6, 19.5),
(793, 92, 19, 40, 81, 26.5),
(794, 92, 8, 54, 6, 33),
(1183, 42, 7, 13, 24, 19.5),
(1008, 53, 8, 12, 162, 16),
(1063, 18, 3, 12, 144, 15.75),
(869, 41, 4, 11, 10, 34),
(877, 54, 19, 40, 54, 26.5),
(939, 93, 17, 50, 2, 180),
(965, 50, 4, 12, 10, 16),
(901, 94, 1, 7, 60, 18),
(952, 96, 19, 40, 18, 26.5),
(910, 97, 18, 28, 384, 4.75),
(929, 99, 3, 12, 108, 16),
(1087, 17, 8, 37, 6, 17),
(964, 100, 16, 49, 12, 175),
(963, 100, 13, 25, 192, 4.5),
(962, 100, 26, 59, 1, 48.75),
(961, 100, 25, 58, 5, 75),
(938, 101, 10, 6, 160, 34),
(945, 103, 16, 48, 5, 175),
(946, 103, 16, 49, 10, 175),
(951, 96, 16, 48, 4, 175),
(978, 104, 4, 37, 85, 17),
(1092, 106, 7, 13, 24, 19.5),
(1091, 106, 18, 11, 24, 34),
(983, 107, 25, 58, 1, 40),
(1076, 32, 19, 40, 54, 26),
(988, 15, 13, 22, 192, 6),
(998, 43, 8, 37, 99, 17),
(1257, 108, 4, 11, 10, 34),
(1080, 110, 13, 22, 31, 6.25),
(1260, 11, 7, 13, 24, 19.5),
(1109, 128, 10, 2, 11, 14.5),
(1251, 129, 10, 5, 10, 35),
(1189, 130, 3, 12, 15, 16),
(1250, 131, 10, 6, 5, 34),
(1249, 131, 2, 8, 54, 13),
(1114, 132, 10, 5, 45, 35),
(1115, 132, 10, 2, 5, 14.5),
(1116, 133, 10, 5, 45, 35),
(1117, 133, 2, 8, 4, 13),
(1146, 163, 10, 6, 5, 34),
(1145, 162, 10, 6, 10, 34),
(1148, 133, 10, 5, 0, 35),
(1147, 164, 10, 6, 4, 34),
(1149, 133, 12, 8, 0, 13),
(1151, 72, 18, 28, 10, 5),
(1150, 132, 10, 5, 10, 35),
(1259, 11, 7, 13, 24, 19.5);

-- --------------------------------------------------------

--
-- Table structure for table `inv_porx`
--

CREATE TABLE IF NOT EXISTS `inv_porx` (
  `id` int(11) NOT NULL AUTO_INCREMENT,
  `user_id` int(11) DEFAULT NULL,
  `ord_id` int(11) DEFAULT NULL,
  `it_id` int(11) DEFAULT NULL,
  `qunt` int(11) DEFAULT NULL,
  `price` float DEFAULT NULL,
  `date` int(120) NOT NULL,
  PRIMARY KEY (`id`)
) ENGINE=MyISAM DEFAULT CHARSET=utf8 AUTO_INCREMENT=1 ;

-- --------------------------------------------------------

--
-- Table structure for table `inv_text`
--

CREATE TABLE IF NOT EXISTS `inv_text` (
  `id` int(11) NOT NULL AUTO_INCREMENT,
  `header` varchar(255) DEFAULT NULL,
  `footer` varchar(255) DEFAULT NULL,
  PRIMARY KEY (`id`)
) ENGINE=MyISAM  DEFAULT CHARSET=utf8 AUTO_INCREMENT=2 ;

--
-- Dumping data for table `inv_text`
--

INSERT INTO `inv_text` (`id`, `header`, `footer`) VALUES
(1, '<p>\r\n	ARC-EN-CIEL PRODUCE INC. Tel. (416)236-4949 Fax<img alt="" src="http://127.0.0.1/storage/logo.jpg" style="width: 130px; height: 114px; float: right;" /> (416)236-4915 123 Eastside Dr. unit 1 Toronto Ontario M8Z 5S5</p>\r\n', '<p>\r\n	NAME:______________________</p>\r\n');

-- --------------------------------------------------------

--
-- Table structure for table `items`
--

CREATE TABLE IF NOT EXISTS `items` (
  `id` int(11) NOT NULL AUTO_INCREMENT,
  `name` varchar(150) DEFAULT NULL,
  `price` float DEFAULT NULL,
  `act` int(11) DEFAULT '1',
  `ord` int(11) NOT NULL DEFAULT '0',
  PRIMARY KEY (`id`)
) ENGINE=MyISAM  DEFAULT CHARSET=utf8 AUTO_INCREMENT=79 ;

--
-- Dumping data for table `items`
--

INSERT INTO `items` (`id`, `name`, `price`, `act`, `ord`) VALUES
(1, 'Avacado 12''s', 12, 0, 0),
(2, 'Avacado 14''s', 14.5, 1, 0),
(3, 'Avacado 16''s', 13, 0, 0),
(4, 'Avacado 48''s', 36.5, 1, 0),
(5, 'Avocado 60''s', 35, 1, 0),
(6, ' Avocado 70''s Mesh Bag ', 34, 1, 0),
(7, 'Cassava', 18, 1, 0),
(8, 'Chayote', 13, 1, 0),
(9, 'Corn- Bi Color', 13, 1, 0),
(10, 'Corn-Yellow', 13, 0, 0),
(11, 'Eddoes', 34, 1, 0),
(12, 'Green Coconut', 16, 1, 0),
(13, 'Green Papaya', 19.5, 1, 0),
(14, 'Lime 150''s', 20, 1, 0),
(15, 'Lime 175''s', 19, 1, 0),
(16, 'Lime 200''s', 17, 1, 0),
(17, 'Lime 230''s', 16, 1, 0),
(18, 'Malanga Lila', 45, 1, 0),
(19, 'Mango Ataulfo 12''s', 6.25, 1, 0),
(20, 'Mango Ataulfo 14''s', 6, 1, 0),
(21, 'Mango Ataulfo 16''s', 6.75, 1, 0),
(22, 'Mango Ataulfo 18''s', 6.25, 1, 0),
(23, 'Mango Ataulfo 20''s', 5.5, 1, 0),
(24, 'Mango Ataulfo 22''s', 5.75, 1, 0),
(25, 'Mango Ataulfo 24''s', 4.25, 1, 0),
(26, 'Mango Kent 8''s', 6.25, 1, 0),
(27, 'Mango Kent 9''s', 5.75, 1, 0),
(28, 'Mango Kent 10''s', 5, 1, 0),
(29, 'Mango Kent 12''s', 4.5, 1, 0),
(30, 'Mango Tommy 8''s', 0, 0, 0),
(31, 'Mango Tommy 9''s', 0, 0, 0),
(32, 'Mango Tommy 10''s', 0, 0, 0),
(33, 'Mango Tommy 12''s', 0, 0, 0),
(34, 'Orange', 0, 0, 0),
(35, 'Pumpkin', 0, 0, 0),
(36, 'Pumpkin 1200 Lbs', 400, 0, 0),
(37, 'Sugar Cane', 17, 1, 0),
(38, 'Sugar Cane- Brown', 14.5, 1, 0),
(39, 'Sweet Papaya Costa Rica', 20, 0, 0),
(40, 'Sweet Papaya Guatemala', 26.5, 1, 0),
(41, 'Sweet Papaya Mexico', 0, 0, 0),
(42, 'Sweet Potato Med H.', 23, 1, 0),
(43, 'Sweet Potato Lrg. H.', 24, 1, 0),
(44, 'Sweet Potato C. R.', 19, 1, 0),
(45, 'Tomato Jumbo', 0, 0, 0),
(46, 'Tomato X lrg', 0, 0, 0),
(47, 'Tomato Large', 0, 0, 0),
(48, 'Watermelon 36Ct', 210, 1, 0),
(49, 'Watermelon 45Ct', 210, 1, 0),
(50, 'Watermelon 60Ct', 210, 1, 0),
(51, 'Watermelon 80Ct', 0, 0, 0),
(52, 'Yampi', 0, 0, 0),
(53, 'Yellow Yam', 0, 0, 0),
(54, 'White Yam', 33, 1, 0),
(55, 'Mango Kent 6s', 0, 1, 0),
(56, 'Mango Kent 7s', 0, 1, 0),
(57, 'Pears', 12.5, 1, 0),
(58, 'Freight', 40, 1, 0),
(59, 'HST', 5, 1, 0),
(60, 'test', 22222, 1, 0),
(67, 'gagag', 333, 1, 0),
(68, 'dfdf', 44, 1, 0),
(69, 'fsdf', 44, 1, 0),
(77, '', 0, 1, 0),
(78, '', 0, 1, 0);

-- --------------------------------------------------------

--
-- Table structure for table `orders`
--

CREATE TABLE IF NOT EXISTS `orders` (
  `id` int(11) NOT NULL AUTO_INCREMENT,
  `name` varchar(120) DEFAULT NULL,
  `date` datetime DEFAULT NULL,
  `expenses` int(11) DEFAULT NULL,
  `supplier` varchar(255) DEFAULT NULL,
  `shipping_company` varchar(255) DEFAULT NULL,
  `shipping_expenses` varchar(125) DEFAULT '0',
  `po` varchar(15) DEFAULT '0',
  `user_id` int(11) DEFAULT NULL,
  `fin` int(11) DEFAULT '0',
  `num` varchar(80) DEFAULT NULL,
  `order_status` set('1','2','3') DEFAULT '1',
  PRIMARY KEY (`id`),
  KEY `shipping_expenses` (`shipping_expenses`)
) ENGINE=MyISAM  DEFAULT CHARSET=utf8 AUTO_INCREMENT=30 ;

--
-- Dumping data for table `orders`
--

INSERT INTO `orders` (`id`, `name`, `date`, `expenses`, `supplier`, `shipping_company`, `shipping_expenses`, `po`, `user_id`, `fin`, `num`, `order_status`) VALUES
(1, '3334', '2013-09-20 03:20:35', 333, '1', 'haaaa', '33', 'ha', 5, 0, '3444', '2'),
(2, '3766', '2013-09-20 03:17:06', 10, '1', 'codexc', '78', 'no', 5, 0, 'FSCU 568096', '1'),
(3, '3767', '2013-07-12 12:37:07', 50, NULL, NULL, '0', '0', 22, 0, 'GESU 942756-0', '1'),
(4, '3768', '2013-07-12 12:39:08', 50, NULL, NULL, '0', '0', 22, 0, 'GESU 949832-6', '1'),
(5, '3769', '2013-07-12 12:39:48', 50, NULL, NULL, '0', '0', 22, 0, 'GESU 948887-9', '1'),
(6, '3770', '2013-07-12 12:40:59', 50, NULL, NULL, '0', '0', 22, 0, 'SLZU 980397-9', '1'),
(7, '3771', '2013-07-12 12:42:12', 50, NULL, NULL, '0', '0', 22, 0, 'GESU 949014-0', '1'),
(8, '3772', '2013-07-12 12:51:44', 50, NULL, NULL, '0', '0', 22, 0, 'CXRU 122137-8', '1'),
(9, '3759', '2013-07-12 12:58:05', 50, NULL, NULL, '0', '0', 22, 0, 'Growers Union', '1'),
(10, '3758', '2013-07-12 12:59:40', 50, NULL, NULL, '0', '0', 22, 0, 'Agro Gonzalez', '1'),
(11, '3744', '2013-07-12 13:02:57', 50, NULL, NULL, '0', '0', 22, 0, 'TEMU 916699-7', '1'),
(12, '3746', '2013-07-12 13:04:01', 50, NULL, NULL, '0', '0', 22, 0, 'GESU 949545-6', '1'),
(13, '3760', '2013-07-12 13:07:31', 50, NULL, NULL, '0', '0', 22, 0, 'Exoticampo ', '1'),
(14, '3757', '2013-07-12 13:12:33', 50, NULL, NULL, '0', '0', 22, 0, 'Weisbuy Watermelon', '1'),
(15, '3764', '2013-07-12 13:20:40', 50, NULL, NULL, '0', '0', 22, 0, 'TRIU 810666-6', '1'),
(16, '3761', '2013-07-12 15:57:21', 50, NULL, NULL, '0', '0', 22, 0, 'Aladdin Farms', '1'),
(17, '3762', '2013-07-12 15:57:55', 50, NULL, NULL, '0', '0', 22, 1, 'Aladdin Farms', '1'),
(18, '3700', '2013-07-15 08:34:44', 50, NULL, NULL, '0', '0', 19, 0, 'TICA123456789', '1'),
(19, '3773A', '2013-07-15 11:24:26', 50, NULL, NULL, '0', '0', 19, 0, 'HLB-TQL', '1'),
(21, '3763', '2013-07-15 11:36:14', 450, NULL, NULL, '0', '0', 5, 0, 'pladoin  farms', '1'),
(22, '3773', '2013-07-15 11:38:34', 50, NULL, NULL, '0', '0', 19, 0, 'International Citrus-Global', '1'),
(24, '3776', '2013-07-16 10:33:31', 0, NULL, NULL, '0', '0', 19, 0, 'Frazco Pears', '1'),
(25, 'Freight', '2013-07-16 10:53:24', 0, NULL, NULL, '0', '0', 19, 0, 'Freight', '1'),
(26, 'HST', '2013-07-16 10:53:44', 0, NULL, NULL, '0', '0', 19, 0, 'HST', '1');

-- --------------------------------------------------------

--
-- Table structure for table `ord_opr`
--

CREATE TABLE IF NOT EXISTS `ord_opr` (
  `id` int(11) NOT NULL AUTO_INCREMENT,
  `ord_id` int(11) DEFAULT NULL,
  `it_id` int(11) DEFAULT NULL,
  `qunt` int(11) DEFAULT NULL,
  `price` float DEFAULT NULL,
  PRIMARY KEY (`id`)
) ENGINE=MyISAM  DEFAULT CHARSET=utf8 AUTO_INCREMENT=320 ;

--
-- Dumping data for table `ord_opr`
--

INSERT INTO `ord_opr` (`id`, `ord_id`, `it_id`, `qunt`, `price`) VALUES
(319, 2, 2, 2, 35),
(59, 3, 12, 1031, 13.32),
(268, 4, 18, 176, 35.16),
(267, 4, 11, 593, 29.81),
(266, 4, 37, 300, 12.32),
(265, 4, 12, 54, 13.13),
(264, 4, 7, 7, 16.16),
(299, 5, 8, 0, 11.16),
(66, 6, 12, 1080, 13.35),
(67, 7, 13, 1290, 15.9),
(289, 8, 12, 336, 13.4),
(288, 8, 37, 435, 12.58),
(287, 8, 54, 300, 27.92),
(283, 9, 17, 1080, 12.06),
(282, 10, 6, 1200, 24.74),
(281, 10, 2, 240, 11.63),
(280, 10, 4, 160, 32.77),
(279, 10, 5, 160, 30.63),
(278, 11, 7, 1152, 16.6),
(270, 12, 8, 1152, 11.16),
(162, 13, 20, 133, 4.46),
(161, 13, 21, 443, 4.46),
(160, 13, 22, 1376, 3.93),
(159, 13, 23, 928, 3.47),
(158, 13, 24, 1020, 3.47),
(157, 13, 25, 324, 3.47),
(109, 14, 50, 40, 126.14),
(108, 14, 48, 20, 126.14),
(276, 15, 43, 189, 20.24),
(275, 15, 42, 911, 20.24),
(272, 16, 49, 29, 126.14),
(271, 16, 48, 29, 126.14),
(113, 17, 50, 58, 126.14),
(263, 18, 37, 43, 17),
(262, 18, 7, 215, 18),
(261, 18, 11, 208, 34),
(260, 18, 48, 9, 195),
(259, 18, 50, 4, 165),
(258, 18, 21, 192, 4.5),
(257, 18, 22, 24, 4.75),
(256, 18, 23, 1152, 4.75),
(255, 18, 24, 1536, 4.5),
(254, 18, 26, 576, 5),
(253, 18, 27, 768, 5.75),
(252, 18, 28, 1537, 5),
(251, 18, 12, 91, 16),
(250, 18, 13, 6, 19.5),
(249, 18, 18, 69, 45),
(248, 18, 40, 2, 26.5),
(247, 18, 38, 6, 14.5),
(246, 18, 43, 84, 24),
(245, 18, 54, 7, 33),
(244, 18, 44, 244, 19),
(243, 18, 29, 768, 4.5),
(116, 19, 40, 1188, 23.21),
(304, 0, 6, 12, 34),
(163, 21, 50, 56, 126.14),
(200, 22, 15, 600, 13.4),
(199, 22, 16, 120, 13.4),
(198, 22, 17, 60, 13.4),
(197, 22, 14, 240, 13.4),
(167, 24, 57, 238, 12.5),
(168, 25, 58, 50, 40),
(169, 26, 59, 50, 5),
(301, 29, 6, 1, 34),
(302, 29, 2, 1, 14.5);

-- --------------------------------------------------------

--
-- Table structure for table `payments`
--

CREATE TABLE IF NOT EXISTS `payments` (
  `id` int(11) NOT NULL AUTO_INCREMENT,
  `pay` float DEFAULT NULL,
  `cus` int(11) DEFAULT NULL,
  `inv` int(11) DEFAULT NULL,
  `note` varchar(255) DEFAULT NULL,
  `date` datetime DEFAULT NULL,
  PRIMARY KEY (`id`)
) ENGINE=MyISAM  DEFAULT CHARSET=utf8 AUTO_INCREMENT=5 ;

--
-- Dumping data for table `payments`
--

INSERT INTO `payments` (`id`, `pay`, `cus`, `inv`, `note`, `date`) VALUES
(4, 12, 0, 42, 'test', '2013-09-17 16:10:03');

-- --------------------------------------------------------

--
-- Table structure for table `suppliers`
--

CREATE TABLE IF NOT EXISTS `suppliers` (
  `id` int(11) NOT NULL AUTO_INCREMENT,
  `name` varchar(255) DEFAULT NULL,
  `address` varchar(255) DEFAULT NULL,
  `phone` varchar(50) DEFAULT NULL,
  `mobile` varchar(50) DEFAULT NULL,
  `note` varchar(255) DEFAULT NULL,
  `act` int(11) DEFAULT '1',
  `company` varchar(255) DEFAULT NULL,
  PRIMARY KEY (`id`)
) ENGINE=MyISAM  DEFAULT CHARSET=utf8 AUTO_INCREMENT=6 ;

--
-- Dumping data for table `suppliers`
--

INSERT INTO `suppliers` (`id`, `name`, `address`, `phone`, `mobile`, `note`, `act`, `company`) VALUES
(1, 'hany', 'cairo', '123', '123', 'test', 1, 'codexc'),
(5, 'saner', 'test', 'test', 'test', 'test', 1, 'test');

-- --------------------------------------------------------

--
-- Table structure for table `users`
--

CREATE TABLE IF NOT EXISTS `users` (
  `id` int(11) NOT NULL AUTO_INCREMENT,
  `fname` varchar(120) DEFAULT NULL,
  `un` varchar(50) NOT NULL,
  `pw` varchar(50) NOT NULL,
  `act` int(11) NOT NULL DEFAULT '1',
  `user_type` int(11) NOT NULL DEFAULT '1',
  `short` varchar(50) NOT NULL,
  PRIMARY KEY (`id`)
) ENGINE=MyISAM  DEFAULT CHARSET=utf8 AUTO_INCREMENT=26 ;

--
-- Dumping data for table `users`
--

INSERT INTO `users` (`id`, `fname`, `un`, `pw`, `act`, `user_type`, `short`) VALUES
(24, 'sam', 'sam', '332532dcfaa1cbf61e2a266bd723612c', 1, 2, ''),
(5, 'Admin', 'admin', '21232f297a57a5a743894a0e4a801fc3', 1, 2, ''),
(23, 'allen', 'allen', 'bc34a2fd51406c8d077bf23ddc8be50b', 1, 1, ''),
(22, 'raymundo', 'raymundo', '90bc158b6da7870eddeb5d150047d941', 1, 2, ''),
(21, 'michael', 'michael', 'dec8757998b8ddbde9ad05bb47d8401e', 1, 1, ''),
(20, 'paul', 'paul', 'ca927b4227a8d55873d75a77517e3830', 1, 1, ''),
(18, 'debbie', 'debbie', 'a2aee33eec3c1c2fcb191358d34c4fdb', 1, 2, ''),
(19, 'shubhra', 'shubhra', 'aac912585b5a4bdc7a23d85e677f990b', 1, 2, ''),
(25, 'sam', 'sam', '891b69b9a85e5fb70ebcb759e24c7df0', 1, 3, '');

/*!40101 SET CHARACTER_SET_CLIENT=@OLD_CHARACTER_SET_CLIENT */;
/*!40101 SET CHARACTER_SET_RESULTS=@OLD_CHARACTER_SET_RESULTS */;
/*!40101 SET COLLATION_CONNECTION=@OLD_COLLATION_CONNECTION */;
